Date,Time,Magnitude,Depth_km,Longitude,Latitude,Place
2015-01-05,19:41:44.280000,4.2,34.47,81.6126,28.8652,"9 km WNW of Dailekh, Nepal"
2015-01-22,03:42:38.040000,4.0,40.66,81.0522,29.3853,"17 km NE of Dipayal, Nepal"
2015-01-31,13:59:45.250000,4.8,32.41,83.9732,28.2987,"3 km N of Pokhara, Nepal"
2015-04-02,00:56:38.960000,4.6,57.33,86.3309,28.7007,"89 km NNE of Kod?ri??, Nepal"
2015-04-21,14:02:15.550000,5.0,10.0,82.3938,28.8947,"46 km SSE of Jumla, Nepal"
2015-04-22,01:29:09.390000,4.4,10.0,82.5414,28.9068,"53 km SE of Jumla, Nepal"
2015-04-25,06:11:25.950000,7.8,8.22,84.7314,28.2305,"67 km NNE of Bharatpur, Nepal"
2015-04-25,06:15:22.910000,6.1,10.0,85.5398,27.6285,"0 km NNW of Dhulikhel, Nepal"
2015-04-25,06:18:10.870000,5.6,10.0,86.0213,27.6857,"31 km SSE of Kod?ri??, Nepal"
2015-04-25,06:20:40.340000,5.4,10.0,84.492,28.2046,Nepal
2015-04-25,06:22:02.750000,5.1,10.0,85.1141,27.8006,"21 km NW of Kirtipur, Nepal"
2015-04-25,06:22:23.350000,5.26,18.0,85.448,27.813,"12 km NNW of Nagarkot, Nepal"
2015-04-25,06:25:55.260000,5.0,10.0,85.5854,27.687,"7 km ESE of Nagarkot, Nepal"
2015-04-25,06:28:05.780000,4.8,10.0,85.5043,27.7006,"2 km SW of Nagarkot, Nepal"
2015-04-25,06:29:46.130000,4.7,10.0,85.0717,27.8478,Nepal
2015-04-25,06:32:48.870000,4.6,10.0,85.9479,27.7244,"26 km S of Kod?ri??, Nepal"
2015-04-25,06:37:58.690000,5.1,10.0,85.8302,27.7435,"27 km SSW of Kod?ri??, Nepal"
2015-04-25,06:44:39.040000,4.6,10.0,85.5012,27.5862,"1 km W of Panauti??, Nepal"
2015-04-25,06:45:21.320000,6.6,10.0,84.8216,28.2244,"71 km NNE of Bharatpur, Nepal"
2015-04-25,06:53:42.750000,5.0,10.0,85.2009,27.672,"7 km W of Kirtipur, Nepal"
2015-04-25,06:56:33.860000,5.5,10.0,85.7505,27.8822,"22 km WSW of Kod?ri??, Nepal"
2015-04-25,06:58:27.570000,5.1,10.0,86.0061,27.7219,"26 km S of Kod?ri??, Nepal"
2015-04-25,07:03:09.350000,4.4,10.0,86.0237,27.4173,"52 km ESE of Dhulikhel, Nepal"
2015-04-25,07:03:49.750000,4.4,10.0,84.6843,27.964,"40 km NE of Bharatpur, Nepal"
2015-04-25,07:05:00.930000,4.2,10.0,85.3682,28.029,"36 km N of Kathmandu, Nepal"
2015-04-25,07:05:28.010000,4.3,10.0,85.5837,27.9482,"26 km NNE of Nagarkot, Nepal"
2015-04-25,07:07:59.920000,4.9,10.0,85.914,27.7879,"19 km SSW of Kod?ri??, Nepal"
2015-04-25,07:13:44.150000,4.8,10.0,85.7307,27.615,"18 km E of Dhulikhel, Nepal"
2015-04-25,07:16:55.060000,4.7,10.0,85.6791,27.8818,"24 km NE of Nagarkot, Nepal"
2015-04-25,07:20:24.230000,4.0,10.0,85.3405,27.7574,"6 km NNE of Kathmandu, Nepal"
2015-04-25,07:22:55.740000,4.2,10.0,85.8478,27.8854,"13 km SW of Kod?ri??, Nepal"
2015-04-25,07:23:38.520000,4.4,10.0,85.8924,27.8053,"18 km SSW of Kod?ri??, Nepal"
2015-04-25,07:33:47.410000,4.3,10.0,84.9918,27.6891,"28 km W of Kirtipur, Nepal"
2015-04-25,07:34:55.190000,4.3,10.0,85.6099,27.9633,"28 km NNE of Nagarkot, Nepal"
2015-04-25,07:39:33.970000,4.5,10.0,85.7383,27.6821,"20 km ENE of Dhulikhel, Nepal"
2015-04-25,07:47:01.480000,5.0,10.0,85.5955,27.8172,"13 km NNE of Nagarkot, Nepal"
2015-04-25,07:55:44.070000,4.4,10.0,85.4875,27.846,"14 km NNW of Nagarkot, Nepal"
2015-04-25,07:59:14.660000,4.4,10.0,85.7676,27.8426,"22 km SW of Kod?ri??, Nepal"
2015-04-25,08:05:37.950000,4.6,10.0,85.7943,27.8132,"22 km SW of Kod?ri??, Nepal"
2015-04-25,08:16:59.230000,4.9,10.0,85.7563,27.7014,"22 km ENE of Dhulikhel, Nepal"
2015-04-25,08:20:11.160000,4.7,10.0,85.7931,27.8549,"19 km SW of Kod?ri??, Nepal"
2015-04-25,08:20:48.800000,4.9,10.0,85.16,27.6429,"12 km WSW of Kirtipur, Nepal"
2015-04-25,08:22:47.620000,4.6,10.0,85.5666,27.8166,"12 km NNE of Nagarkot, Nepal"
2015-04-25,08:29:24.560000,5.0,10.0,84.6218,27.9351,"33 km NNE of Bharatpur, Nepal"
2015-04-25,08:31:32.430000,4.6,10.0,85.9539,27.6708,"32 km S of Kod?ri??, Nepal"
2015-04-25,08:36:05.260000,4.2,10.0,85.1727,27.7292,Nepal
2015-04-25,08:49:09.080000,4.4,10.0,84.8893,27.7404,"37 km NNW of Hetauda, Nepal"
2015-04-25,08:55:55.960000,5.3,10.0,85.5058,27.5866,"0 km WNW of Panauti??, Nepal"
2015-04-25,09:01:51.540000,4.4,10.0,85.0718,27.8084,"24 km NW of Kirtipur, Nepal"
2015-04-25,09:03:14.960000,4.8,10.0,85.3426,27.8743,"19 km N of Kathmandu, Nepal"
2015-04-25,09:17:02.310000,5.7,10.0,87.3173,28.3902,"69 km NE of Lobujya, Nepal"
2015-04-25,09:22:36.900000,4.7,10.0,85.7503,27.7192,"22 km E of Nagarkot, Nepal"
2015-04-25,09:28:00.080000,4.4,10.0,85.3104,28.0061,"33 km N of Kathmandu, Nepal"
2015-04-25,09:30:29.690000,4.9,10.0,85.5209,27.9945,"30 km N of Nagarkot, Nepal"
2015-04-25,09:43:00.840000,4.4,10.0,84.8842,28.0668,"57 km NW of Kirtipur, Nepal"
2015-04-25,09:53:32.600000,4.0,10.0,85.7255,27.5326,"20 km ESE of Dhulikhel, Nepal"
2015-04-25,10:10:32.840000,4.2,10.0,84.7255,28.2838,"73 km NNE of Bharatpur, Nepal"
2015-04-25,10:23:17.670000,4.4,10.0,85.8035,27.7999,"23 km SW of Kod?ri??, Nepal"
2015-04-25,10:40:13.500000,4.1,10.0,85.8322,27.7704,"24 km SSW of Kod?ri??, Nepal"
2015-04-25,10:40:35.550000,4.8,10.0,85.9565,27.6033,Nepal
2015-04-25,10:50:45.880000,4.2,10.0,84.6237,28.1447,"55 km NNE of Bharatpur, Nepal"
2015-04-25,10:52:00.490000,4.0,10.0,85.6304,27.5075,"13 km SE of Panauti, Nepal"
2015-04-25,10:53:43.530000,4.6,10.0,85.8842,27.8061,"18 km SSW of Kod?ri??, Nepal"
2015-04-25,11:05:01.240000,4.2,10.0,85.5471,27.933,"24 km N of Nagarkot, Nepal"
2015-04-25,11:15:18.020000,4.0,10.0,86.0505,27.6021,"40 km SSE of Kod?ri??, Nepal"
2015-04-25,11:18:30.100000,4.4,10.0,86.0058,27.4923,"47 km ESE of Dhulikhel, Nepal"
2015-04-25,11:23:47.560000,4.5,10.0,85.4309,27.6483,"3 km NW of Hari Bdr Tamang House, Nepal"
2015-04-25,11:41:47.700000,4.2,10.0,85.0566,28.0596,"47 km NNW of Kathmandu, Nepal"
2015-04-25,12:01:10.730000,4.2,10.0,85.9255,27.8638,"11 km SSW of Kod?ri??, Nepal"
2015-04-25,12:12:14.790000,4.3,10.0,85.8954,27.6645,"33 km S of Kod?ri??, Nepal"
2015-04-25,12:17:54.790000,4.5,10.0,85.449,27.9261,"24 km NNW of Nagarkot, Nepal"
2015-04-25,12:39:52.630000,4.0,10.0,86.0952,27.4844,"54 km SSE of Kod?ri??, Nepal"
2015-04-25,12:44:05.170000,5.2,10.0,84.5594,28.0979,"48 km NNE of Bharatpur, Nepal"
2015-04-25,13:29:31.610000,4.3,10.0,85.7909,27.8055,"23 km SW of Kod?ri??, Nepal"
2015-04-25,13:30:28.030000,4.6,10.0,85.0378,28.0768,"50 km NNW of Kirtipur, Nepal"
2015-04-25,13:36:14.620000,4.7,10.0,85.9826,27.7266,"26 km S of Kod?ri??, Nepal"
2015-04-25,14:10:03.730000,4.6,10.0,85.8748,27.7109,"28 km SSW of Kod?ri??, Nepal"
2015-04-25,16:27:21.660000,4.9,10.0,85.6359,27.8695,"20 km NNE of Nagarkot, Nepal"
2015-04-25,17:42:50.910000,5.1,10.0,85.829,28.238,"33 km NNW of Kod?ri??, Nepal"
2015-04-25,17:46:17.590000,4.5,35.26,86.1072,28.2139,"31 km NNE of Kod?ri??, Nepal"
2015-04-25,18:58:34.530000,4.2,14.2,85.3501,27.6376,"5 km SE of P?tan, Nepal"
2015-04-25,20:07:01.970000,4.4,10.0,84.5282,27.9754,"34 km NNE of Bharatpur, Nepal"
2015-04-25,20:32:48.240000,4.4,10.0,85.9241,27.6437,"35 km S of Kod?ri??, Nepal"
2015-04-25,21:07:20,4.6,23.88,85.8114,27.7657,"25 km SSW of Kod?ri??, Nepal"
2015-04-25,23:12:52.060000,4.0,9.21,86.0873,27.6038,"41 km SSE of Kod?ri??, Nepal"
2015-04-25,23:16:15.450000,5.1,13.61,84.8715,27.7993,"42 km WNW of Kirtipur, Nepal"
2015-04-25,23:41:53.750000,4.5,15.68,86.0726,27.6678,"34 km SSE of Kod?ri??, Nepal"
2015-04-25,23:55:46.070000,4.1,6.57,85.8354,27.6098,"28 km E of Dhulikhel, Nepal"
2015-04-26,02:02:07.850000,4.2,10.0,85.4424,27.5936,"4 km SSW of Hari Bdr Tamang House, Nepal"
2015-04-26,02:33:26.940000,4.1,10.0,86.0531,27.6257,"38 km SSE of Kod?ri??, Nepal"
2015-04-26,02:48:39.070000,4.5,10.0,84.5858,28.2272,"60 km E of Pokhara, Nepal"
2015-04-26,03:21:36.160000,4.3,10.0,85.5624,27.469,"13 km SSE of Panauti, Nepal"
2015-04-26,04:40:16.330000,4.0,10.0,84.6699,28.1724,"59 km NNE of Bharatpur, Nepal"
2015-04-26,04:50:29.550000,4.1,10.0,85.3595,28.0281,"36 km N of Kathmandu, Nepal"
2015-04-26,04:58:40.040000,4.5,10.0,84.7082,27.9966,"44 km NE of Bharatpur, Nepal"
2015-04-26,07:09:10.670000,6.7,22.91,86.0173,27.7711,"21 km SSE of Kod?ri??, Nepal"
2015-04-26,07:26:04.190000,4.9,10.0,85.9136,27.7004,"29 km S of Kod?ri??, Nepal"
2015-04-26,07:36:26.570000,4.7,10.0,85.9822,27.7555,"22 km S of Kod?ri??, Nepal"
2015-04-26,07:43:17.480000,4.3,10.0,85.9863,27.0336,"34 km N of Janakpur, Nepal"
2015-04-26,07:50:26.020000,4.2,10.0,86.0078,27.7325,"25 km SSE of Kod?ri??, Nepal"
2015-04-26,08:10:37.340000,4.3,10.0,85.781,27.8072,"24 km SW of Kod?ri??, Nepal"
2015-04-26,08:22:12.350000,4.4,10.0,85.8449,28.0119,"12 km WNW of Kod?ri??, Nepal"
2015-04-26,08:40:55.820000,4.6,10.0,85.854,27.7307,"27 km SSW of Kod?ri??, Nepal"
2015-04-26,08:46:17.050000,4.4,10.0,85.8032,27.9232,"15 km WSW of Kod?ri??, Nepal"
2015-04-26,09:42:03.630000,4.3,10.0,85.9371,27.4422,"43 km ESE of Dhulikhel, Nepal"
2015-04-26,12:34:41.310000,4.0,8.42,85.7179,27.5683,"18 km ESE of Dhulikhel, Nepal"
2015-04-26,13:11:15.170000,4.5,10.0,85.4088,27.8112,"14 km N of Madhyapur Thimi, Nepal"
2015-04-26,14:44:50.510000,4.5,10.0,85.9657,27.686,"30 km S of Kod?ri??, Nepal"
2015-04-26,14:57:04.380000,4.3,10.0,84.6464,28.1223,"53 km NNE of Bharatpur, Nepal"
2015-04-26,16:26:06.730000,5.0,14.0,85.865,27.8297,"17 km SSW of Kod?ri??, Nepal"
2015-04-26,18:06:31.490000,4.2,10.0,85.3686,27.7579,"7 km NE of Kathmandu, Nepal"
2015-04-26,18:54:49.080000,4.4,10.0,84.7645,27.9888,"47 km NE of Bharatpur, Nepal"
2015-04-26,20:39:20.030000,4.3,10.0,85.7813,27.8804,"19 km WSW of Kod?ri??, Nepal"
2015-04-26,22:32:34.720000,4.6,10.0,85.6751,27.5298,"16 km ESE of Panauti, Nepal"
2015-04-27,00:39:16.330000,4.1,10.0,84.9579,27.6794,"28 km NNW of Hetauda, Nepal"
2015-04-27,01:15:51.060000,4.3,10.0,85.7818,27.4565,"29 km ESE of Panauti, Nepal"
2015-04-27,04:14:44.840000,4.1,10.0,84.7251,27.9352,"40 km NE of Bharatpur, Nepal"
2015-04-27,06:00:00.390000,4.0,10.0,86.1373,27.8347,"22 km SE of Kod?ri??, Nepal"
2015-04-27,12:35:53.930000,5.1,31.71,88.055,26.8644,"13 km ESE of Il?m, Nepal"
2015-04-27,13:17:47.600000,4.3,19.52,84.5829,28.0231,"41 km NNE of Bharatpur, Nepal"
2015-04-27,14:42:39.210000,4.3,10.0,85.6085,27.6802,"9 km NE of Dhulikhel, Nepal"
2015-04-27,14:57:00.080000,4.0,10.0,85.8855,27.8065,"18 km SSW of Kod?ri??, Nepal"
2015-04-27,15:51:46.110000,4.3,10.0,85.1212,27.6728,"15 km W of Kirtipur, Nepal"
2015-04-27,18:59:57.010000,4.8,21.35,84.682,28.0066,"43 km NNE of Bharatpur, Nepal"
2015-04-27,21:27:41.790000,4.2,10.0,85.7877,27.841,"21 km SW of Kod?ri??, Nepal"
2015-04-27,23:20:28.520000,4.2,10.0,85.2821,27.9641,"29 km N of Kathmandu, Nepal"
2015-04-28,21:44:23.980000,4.1,10.0,85.8817,27.9577,"7 km W of Kod?ri??, Nepal"
2015-04-29,09:39:14.120000,4.2,10.0,84.564,27.7449,"14 km ENE of Bharatpur, Nepal"
2015-04-29,11:27:45.310000,4.6,10.0,85.4086,27.864,"19 km NW of Nagarkot, Nepal"
2015-04-29,17:16:14.460000,4.1,18.76,84.676,28.0838,"50 km NNE of Bharatpur, Nepal"
2015-04-29,17:16:33.470000,4.4,10.0,85.7031,27.8677,"24 km NE of Nagarkot, Nepal"
2015-04-29,22:10:52.110000,4.5,10.0,87.2319,28.33,"58 km NE of Lobujya, Nepal"
2015-04-30,00:37:10.880000,4.3,10.0,84.6664,27.9057,"34 km NE of Bharatpur, Nepal"
2015-05-01,04:39:19.300000,4.0,10.0,86.2397,28.5301,"68 km NNE of Kod?ri??, Nepal"
2015-05-01,18:47:16.520000,4.1,10.0,84.6329,27.7249,"20 km ENE of Bharatpur, Nepal"
2015-05-01,22:10:09.980000,4.0,10.0,85.5759,27.6072,"3 km ESE of Dhulikhel, Nepal"
2015-05-02,00:10:49.450000,4.0,10.0,85.1775,27.3802,"15 km ESE of Hetauda, Nepal"
2015-05-02,01:03:10.740000,4.0,10.0,85.9042,27.7751,"21 km SSW of Kod?ri??, Nepal"
2015-05-02,03:47:03.740000,4.0,10.0,85.3532,27.7972,"11 km NNE of Kathmandu, Nepal"
2015-05-02,05:35:46.930000,4.9,10.0,84.6576,28.3143,Nepal
2015-05-02,09:41:16.290000,4.2,10.0,85.369,27.9171,"24 km NNE of Kathmandu, Nepal"
2015-05-02,15:16:18.050000,4.3,10.0,85.9494,27.6545,"33 km S of Kod?ri??, Nepal"
2015-05-02,21:44:09.970000,4.3,10.0,85.9324,27.6395,"35 km S of Kod?ri??, Nepal"
2015-05-03,02:15:26.910000,4.0,10.0,84.6005,27.7665,"19 km ENE of Bharatpur, Nepal"
2015-05-03,11:35:11.090000,4.3,10.0,84.9331,27.6999,"31 km NNW of Hetauda, Nepal"
2015-05-03,23:14:15.460000,4.2,10.0,85.8791,27.7349,"26 km SSW of Kod?ri??, Nepal"
2015-05-04,01:15:07.070000,4.5,10.0,85.9746,27.6326,"36 km S of Kod?ri??, Nepal"
2015-05-04,08:50:00.820000,4.0,10.0,86.1704,27.926,"21 km E of Kod?ri??, Nepal"
2015-05-04,12:17:13.450000,4.1,10.0,86.0097,27.7864,"19 km SSE of Kod?ri??, Nepal"
2015-05-04,14:19:03.470000,4.2,10.0,85.9036,27.8147,"16 km SSW of Kod?ri??, Nepal"
2015-05-05,10:38:47.120000,4.1,10.0,85.9867,27.7226,"26 km S of Kod?ri??, Nepal"
2015-05-05,11:15:40.410000,4.1,10.0,85.9535,27.6962,"29 km S of Kod?ri??, Nepal"
2015-05-08,00:32:33.960000,4.9,11.56,85.979,27.6418,"35 km S of Kod?ri??, Nepal"
2015-05-08,07:47:54.460000,4.2,10.0,85.9591,27.8668,"10 km S of Kod?ri??, Nepal"
2015-05-08,21:23:27.700000,4.0,10.0,85.0259,27.9634,"40 km NW of Kirtipur, Nepal"
2015-05-10,00:49:52.770000,4.0,10.0,86.001,27.7776,"20 km SSE of Kod?ri??, Nepal"
2015-05-10,09:38:32.750000,4.3,10.0,85.5858,27.4485,Nepal
2015-05-11,03:20:36.900000,4.0,10.0,85.827,28.0071,"13 km WNW of Kod?ri??, Nepal"
2015-05-11,14:50:59.760000,4.3,10.0,85.9366,27.9326,"3 km SSW of Kod?ri??, Nepal"
2015-05-11,14:52:40.550000,4.3,10.0,85.789,27.7589,"26 km E of Nagarkot, Nepal"
2015-05-12,07:05:19.730000,7.3,15.0,86.0655,27.8087,Nepal
2015-05-12,07:17:20.640000,5.5,13.01,86.2177,27.7141,"37 km SE of Kod?ri??, Nepal"
2015-05-12,07:20:47.170000,4.9,10.0,86.2369,27.3073,"69 km NNW of Lah?n, Nepal"
2015-05-12,07:22:15.290000,4.8,10.0,86.2338,27.5796,"50 km SSE of Kod?ri??, Nepal"
2015-05-12,07:23:32.670000,5.0,10.0,86.2566,27.5589,"52 km WSW of Namche Bazar, Nepal"
2015-05-12,07:33:09.760000,4.1,10.0,86.0099,27.7477,"24 km SSE of Kod?ri??, Nepal"
2015-05-12,07:34:22.630000,5.4,10.0,86.2449,27.7458,"37 km SE of Kod?ri??, Nepal"
2015-05-12,07:36:54.490000,6.3,15.0,86.1617,27.625,"42 km SSE of Kod?ri??, Nepal"
2015-05-12,07:43:17.310000,4.9,11.77,86.2387,27.6521,"44 km SE of Kod?ri??, Nepal"
2015-05-12,07:47:46.350000,4.9,10.0,86.039,27.5579,"45 km S of Kod?ri??, Nepal"
2015-05-12,07:48:51.490000,4.9,10.0,86.2576,27.7224,"39 km SE of Kod?ri??, Nepal"
2015-05-12,07:57:17.360000,4.5,10.0,86.5554,27.7351,"17 km WSW of Namche Bazar, Nepal"
2015-05-12,08:05:25.540000,4.2,10.0,86.1387,27.9198,"18 km ESE of Kod?ri??, Nepal"
2015-05-12,08:06:05.530000,5.0,15.0,86.0161,27.7221,"27 km SSE of Kod?ri??, Nepal"
2015-05-12,08:11:22.590000,4.3,10.0,85.7306,27.4654,"24 km ESE of Panauti, Nepal"
2015-05-12,08:13:54.600000,5.1,15.0,85.7574,27.7629,"23 km ENE of Nagarkot, Nepal"
2015-05-12,08:21:10.760000,5.2,15.0,86.1316,27.7298,"30 km SE of Kod?ri??, Nepal"
2015-05-12,08:24:24.340000,4.8,10.0,86.0692,27.7486,"25 km SSE of Kod?ri??, Nepal"
2015-05-12,08:34:24.130000,4.3,16.34,86.0143,28.1877,"25 km NNE of Kod?ri??, Nepal"
2015-05-12,08:35:36.710000,4.4,10.0,86.2108,27.7042,"37 km SE of Kod?ri??, Nepal"
2015-05-12,08:39:07.940000,4.0,10.0,86.01,27.7431,"24 km SSE of Kod?ri??, Nepal"
2015-05-12,08:51:32.500000,4.3,10.0,86.2138,27.6469,"43 km SE of Kod?ri??, Nepal"
2015-05-12,08:52:30.290000,4.0,10.0,86.3358,28.0084,"37 km E of Kod?ri??, Nepal"
2015-05-12,08:59:39.740000,4.5,10.0,86.195,27.7729,"31 km SE of Kod?ri??, Nepal"
2015-05-12,09:02:09.780000,4.6,10.0,86.0672,27.7318,"27 km SSE of Kod?ri??, Nepal"
2015-05-12,09:38:19.460000,4.5,10.0,86.2505,27.6658,"43 km SE of Kod?ri??, Nepal"
2015-05-12,09:44:38.980000,4.2,10.0,85.9301,27.7617,"22 km S of Kod?ri??, Nepal"
2015-05-12,10:15:07.680000,4.3,10.0,86.1734,27.7172,"34 km SE of Kod?ri??, Nepal"
2015-05-12,10:31:00.570000,4.4,10.01,85.9158,27.6896,"30 km S of Kod?ri??, Nepal"
2015-05-12,10:35:39.950000,4.5,10.0,86.0849,27.6606,"35 km SSE of Kod?ri??, Nepal"
2015-05-12,10:40:07.870000,4.6,10.0,86.4044,27.7987,"30 km W of Namche Bazar, Nepal"
2015-05-12,10:41:32.260000,4.5,10.0,86.2746,27.716,"41 km SE of Kod?ri??, Nepal"
2015-05-12,10:42:22.330000,4.0,10.0,86.3405,27.4765,"51 km SW of Namche Bazar, Nepal"
2015-05-12,10:53:22.920000,4.0,10.0,86.199,27.7305,"34 km SE of Kod?ri??, Nepal"
2015-05-12,11:06:34.600000,4.2,10.0,86.2033,27.6414,"42 km SE of Kod?ri??, Nepal"
2015-05-12,11:13:21.490000,4.1,10.0,85.982,27.8202,"15 km S of Kod?ri??, Nepal"
2015-05-12,11:21:30.590000,4.4,10.0,86.1369,27.6838,"35 km SSE of Kod?ri??, Nepal"
2015-05-12,11:58:12.150000,4.3,10.0,85.9018,27.6936,"30 km S of Kod?ri??, Nepal"
2015-05-12,12:28:22.930000,4.5,10.0,85.9931,27.6751,Nepal
2015-05-12,13:02:17.180000,4.0,10.0,85.8062,27.6406,"26 km E of Dhulikhel, Nepal"
2015-05-12,13:08:10.140000,4.4,10.0,85.9896,27.6132,"38 km S of Kod?ri??, Nepal"
2015-05-12,13:10:40.840000,4.1,10.61,85.9511,27.8728,"9 km S of Kod?ri??, Nepal"
2015-05-12,13:25:25.120000,4.2,7.9,86.1632,27.6516,"39 km SSE of Kod?ri??, Nepal"
2015-05-12,13:43:17.520000,4.4,10.0,85.9016,27.7461,"24 km SSW of Kod?ri??, Nepal"
2015-05-12,13:47:05.250000,4.4,10.0,85.8975,27.7321,"25 km SSW of Kod?ri??, Nepal"
2015-05-12,13:58:57.540000,4.5,10.0,86.2659,27.6013,"49 km WSW of Namche Bazar, Nepal"
2015-05-12,15:28:19.810000,4.4,10.0,86.2602,27.721,"39 km SE of Kod?ri??, Nepal"
2015-05-12,15:32:25.690000,4.2,10.0,86.0808,27.7866,"22 km SSE of Kod?ri??, Nepal"
2015-05-12,15:59:46.930000,4.4,10.0,86.2971,27.6485,"44 km WSW of Namche Bazar, Nepal"
2015-05-12,16:15:14.100000,4.0,10.0,86.2211,27.7411,"35 km SE of Kod?ri??, Nepal"
2015-05-12,16:32:09.050000,4.0,10.0,86.2307,27.617,"46 km SE of Kod?ri??, Nepal"
2015-05-12,16:55:22.990000,4.4,6.54,85.9418,27.712,"27 km S of Kod?ri??, Nepal"
2015-05-12,17:28:39.250000,4.8,10.0,86.1266,27.4989,"53 km SSE of Kod?ri??, Nepal"
2015-05-12,18:49:05.090000,4.0,15.68,86.2514,27.717,"39 km SE of Kod?ri??, Nepal"
2015-05-12,18:51:44.210000,4.1,11.23,86.294,27.6456,"44 km WSW of Namche Bazar, Nepal"
2015-05-12,19:34:59.090000,4.3,10.93,86.1584,27.6432,"40 km SSE of Kod?ri??, Nepal"
2015-05-12,19:37:40.910000,4.5,8.52,86.1308,27.6868,"34 km SSE of Kod?ri??, Nepal"
2015-05-12,20:22:16.260000,4.3,13.35,85.1413,27.5858,"16 km SW of Kirtipur, Nepal"
2015-05-12,20:44:28.940000,4.0,5.36,86.2389,27.9152,"28 km E of Kod?ri??, Nepal"
2015-05-12,21:25:11.930000,5.2,10.0,84.6384,27.783,"23 km ENE of Bharatpur, Nepal"
2015-05-12,21:57:14.320000,4.0,10.0,86.0034,27.8032,"18 km SSE of Kod?ri??, Nepal"
2015-05-13,02:23:10.920000,4.1,10.0,86.2315,27.6695,"42 km SE of Kod?ri??, Nepal"
2015-05-13,02:43:47.590000,4.1,10.0,86.3299,27.6248,"42 km WSW of Namche Bazar, Nepal"
2015-05-13,06:26:07.550000,4.7,10.0,86.1557,27.6539,"39 km SSE of Kod?ri??, Nepal"
2015-05-13,06:37:30.290000,4.5,10.0,86.1379,27.7582,"28 km SE of Kod?ri??, Nepal"
2015-05-13,06:53:00.780000,4.8,10.0,86.1891,27.7201,"35 km SE of Kod?ri??, Nepal"
2015-05-13,09:52:27.990000,4.2,10.0,86.3084,27.7666,"39 km W of Namche Bazar, Nepal"
2015-05-13,10:59:41.150000,4.2,10.0,86.038,27.8014,"19 km SSE of Kod?ri??, Nepal"
2015-05-13,21:38:06.390000,5.0,8.38,86.0503,27.7199,"28 km SSE of Kod?ri??, Nepal"
2015-05-14,03:07:38.770000,4.4,10.0,86.1515,27.6713,"37 km SSE of Kod?ri??, Nepal"
2015-05-15,01:42:42.800000,4.9,10.0,84.7499,27.9719,"45 km NE of Bharatpur, Nepal"
2015-05-16,00:46:06.830000,4.1,10.0,84.5187,28.0074,"37 km NNE of Bharatpur, Nepal"
2015-05-16,03:39:26.920000,4.7,10.0,85.713,27.6386,"16 km E of Dhulikhel, Nepal"
2015-05-16,03:50:21.210000,4.2,10.0,85.1653,27.4751,"14 km ENE of Hetauda, Nepal"
2015-05-16,11:34:09.980000,5.5,7.0,86.0734,27.5603,"45 km SSE of Kod?ri??, Nepal"
2015-05-16,20:02:53.740000,4.1,10.0,84.6978,28.0094,"44 km NE of Bharatpur, Nepal"
2015-05-16,23:15:26.060000,4.4,10.0,85.9514,27.6804,"31 km S of Kod?ri??, Nepal"
2015-05-17,05:45:38.500000,4.3,10.0,85.8239,27.5777,"28 km E of Dhulikhel, Nepal"
2015-05-18,12:42:09.240000,4.1,10.0,84.6997,27.9438,"39 km NE of Bharatpur, Nepal"
2015-05-18,22:49:50.890000,4.4,10.0,85.8925,27.5867,"34 km E of Dhulikhel, Nepal"
2015-05-19,10:59:30.690000,4.2,10.0,85.868,27.7722,"22 km SSW of Kod?ri??, Nepal"
2015-05-20,09:02:32.260000,4.6,10.0,85.0483,27.3231,"11 km S of Hetauda, Nepal"
2015-05-21,09:11:55.640000,4.0,10.0,85.209,27.8173,"16 km NNW of Kirtipur, Nepal"
2015-05-22,10:59:33.780000,4.7,10.0,84.9671,27.9555,"43 km NW of Kirtipur, Nepal"
2015-05-22,11:45:47.370000,4.3,10.0,86.0511,27.5438,"47 km SSE of Kod?ri??, Nepal"
2015-05-22,13:04:05.930000,4.1,10.0,85.6936,27.6635,Nepal
2015-05-22,19:07:41.930000,4.3,10.0,81.6888,29.8042,"73 km SE of Burang, China"
2015-05-24,21:38:40.840000,4.4,10.0,84.6734,28.0271,"45 km NNE of Bharatpur, Nepal"
2015-05-25,10:46:03.060000,4.3,42.44,87.2411,28.5718,"80 km NNE of Lobujya, Nepal"
2015-05-26,17:07:14.360000,4.6,10.0,85.1005,28.2338,"62 km NNW of Kathmandu, Nepal"
2015-05-27,07:30:41.910000,4.0,10.0,84.6635,27.3256,"38 km ENE of R?mnagar, India"
2015-05-27,07:30:58.810000,4.4,10.0,84.716,27.4029,"31 km W of Hetauda, Nepal"
2015-05-27,16:45:00.460000,4.1,10.0,84.9717,28.2528,"70 km NNW of Kathmandu, Nepal"
2015-05-28,23:35:52.170000,4.0,10.0,84.6435,28.0923,"50 km NNE of Bharatpur, Nepal"
2015-05-29,10:00:00.270000,4.8,10.0,84.7819,27.9798,"47 km NE of Bharatpur, Nepal"
2015-05-30,16:28:19.320000,4.3,10.0,84.9263,27.8802,"41 km WNW of Kirtipur, Nepal"
2015-06-03,07:52:37.640000,4.0,10.0,86.0953,28.011,"14 km ENE of Kod?ri??, Nepal"
2015-06-07,05:17:45.900000,4.2,10.0,85.5328,27.9734,"28 km N of Nagarkot, Nepal"
2015-06-11,04:17:46.340000,4.2,10.0,85.7959,27.8955,"17 km WSW of Kod?ri??, Nepal"
2015-06-11,16:12:20.290000,4.8,24.49,85.5836,27.8321,"14 km NNE of Nagarkot, Nepal"
2015-06-11,19:37:06.220000,4.4,10.32,84.6937,28.115,"54 km NNE of Bharatpur, Nepal"
2015-06-12,04:34:10,4.0,10.0,86.0379,27.7705,"22 km SSE of Kod?ri??, Nepal"
2015-06-13,01:18:30.200000,4.8,10.0,86.0709,27.6326,"38 km SSE of Kod?ri??, Nepal"
2015-06-14,07:47:46.830000,4.1,10.0,85.7529,28.1763,"31 km NW of Kod?ri??, Nepal"
2015-06-17,00:13:20.190000,4.0,5.7,85.2944,27.7381,"4 km NNW of Kathmandu, Nepal"
2015-06-17,00:29:59.050000,4.3,10.0,85.4981,27.9426,"25 km N of Nagarkot, Nepal"
2015-06-17,02:15:14.610000,4.3,10.0,85.8766,28.2774,"35 km NNW of Kod?ri??, Nepal"
2015-06-20,12:23:05.580000,4.7,10.0,82.6319,28.5523,"41 km NNE of Besisahar, Nepal"
2015-06-21,13:41:47.330000,4.1,10.0,86.0295,27.8059,"18 km SSE of Kod?ri??, Nepal"
2015-06-22,07:34:31.780000,4.3,10.0,85.9898,27.5413,"45 km ESE of Dhulikhel, Nepal"
2015-06-28,23:57:15.530000,4.7,10.0,86.056,28.0316,"12 km NE of Kod?ri??, Nepal"
2015-06-29,17:42:43.450000,4.0,10.0,85.6279,28.003,"32 km W of Kod?ri??, Nepal"
2015-06-29,21:46:23.940000,4.3,10.0,85.7525,27.4724,"26 km ESE of Panauti, Nepal"
2015-07-02,01:56:11.700000,4.2,10.0,85.5714,27.9835,"30 km N of Nagarkot, Nepal"
2015-07-03,20:04:07.080000,4.5,3.36,84.9064,27.7236,"34 km NNW of Hetauda, Nepal"
2015-07-06,15:29:07.940000,4.2,10.0,85.6886,27.9368,"26 km W of Kod?ri??, Nepal"
2015-07-07,09:31:41.580000,4.2,10.0,81.733,29.6068,"57 km NW of Jumla, Nepal"
2015-07-10,21:13:01.030000,4.2,10.0,86.0836,27.7297,"28 km SSE of Kod?ri??, Nepal"
2015-08-01,01:37:42.690000,4.0,10.0,85.6808,28.532,"68 km NNW of Kod?ri??, Nepal"
2015-08-01,12:14:28.560000,4.4,34.28,87.6636,28.7475,"121 km NE of Lobujya, Nepal"
2015-08-05,19:15:56.760000,4.1,10.0,80.3368,30.3652,"60 km NNW of Dh?rchula, India"
2015-08-09,22:30:26.860000,4.2,10.0,84.8043,28.2257,"70 km NNE of Bharatpur, Nepal"
2015-08-14,13:02:26.290000,4.6,10.0,86.086,27.5691,"45 km SSE of Kod?ri??, Nepal"
2015-08-15,05:42:20.300000,4.4,10.0,87.8566,27.3759,"40 km WNW of Gyalshing, India"
2015-08-15,18:11:39.530000,4.7,10.0,85.9473,27.7023,"28 km S of Kod?ri??, Nepal"
2015-08-17,22:23:57.910000,4.2,10.44,86.1322,27.9066,"18 km ESE of Kod?ri??, Nepal"
2015-08-23,09:02:05.080000,5.0,10.0,86.0795,27.8355,"18 km SE of Kod?ri??, Nepal"
2015-08-24,06:53:44.060000,4.0,10.53,87.2202,28.3466,"59 km NE of Lobujya, Nepal"
2015-08-30,13:17:34.680000,4.5,10.0,85.6673,27.6519,"12 km ENE of Dhulikhel, Nepal"
2015-09-01,23:06:40.640000,4.1,16.02,86.2819,27.6836,"44 km WSW of Namche Bazar, Nepal"
2015-09-16,14:52:12.070000,4.2,7.48,86.1894,27.5875,"47 km SSE of Kod?ri??, Nepal"
2015-09-22,06:32:45.680000,4.4,10.0,85.0633,27.6915,"21 km W of Kirtipur, Nepal"
2015-09-29,09:27:17.090000,4.6,35.0,80.3737,29.996,"21 km NW of Dh?rchula, India"
2015-09-29,10:54:42.010000,4.4,10.0,85.8162,27.7769,"24 km SW of Kod?ri??, Nepal"
2015-10-05,07:33:21.920000,4.5,10.0,86.0343,27.6395,"36 km SSE of Kod?ri??, Nepal"
2015-10-05,07:36:25.480000,4.3,10.0,86.1587,27.7703,"28 km SE of Kod?ri??, Nepal"
2015-10-06,12:02:40.700000,4.0,10.0,86.1479,27.7479,"30 km SE of Kod?ri??, Nepal"
2015-10-06,23:30:29.260000,4.3,14.04,85.9838,27.6712,"32 km S of Kod?ri??, Nepal"
2015-10-07,04:58:20.550000,4.2,34.7,84.8817,27.8771,"44 km WNW of Kirtipur, Nepal"
2015-10-09,01:01:21.970000,4.0,10.0,86.3397,28.8999,"110 km NNE of Kod?ri??, Nepal"
2015-10-09,20:29:56.020000,4.9,10.0,86.469,28.8544,"105 km NNW of Lobujya, Nepal"
2015-10-12,15:39:07.360000,4.5,10.0,86.3729,28.9796,"117 km ESE of Saga, China"
2015-11-19,04:15:52.600000,5.0,16.51,85.6776,27.8525,"21 km NE of Nagarkot, Nepal"
2015-11-24,12:24:15.590000,4.6,8.19,84.7587,28.1552,Nepal
2015-12-18,22:16:56.550000,5.4,10.0,81.6541,29.3985,"53 km WNW of Jumla, Nepal"
2015-12-26,04:48:40.050000,4.1,10.0,81.42,29.1913,"47 km E of Dipayal, Nepal"
2016-01-13,23:15:46.160000,4.4,10.0,88.0054,29.7043,"98 km WNW of Rikaze, China"
2016-01-14,00:03:52.650000,4.1,10.0,87.8145,29.4873,"107 km WNW of Rikaze, China"
2016-01-21,19:22:43.590000,4.5,19.01,85.0515,28.0269,Xizang-Nepal border region
2016-01-26,16:57:30.840000,4.2,24.65,87.8553,29.5248,"104 km WNW of Rikaze, China"
2016-01-28,09:36:03.450000,4.1,10.0,87.9565,29.4663,"93 km WNW of Rikaze, China"
2016-01-31,04:18:25.460000,4.2,10.0,84.2327,29.6637,"103 km WNW of Saga, China"
2016-01-31,04:39:48.230000,4.1,10.0,84.2685,29.6353,"99 km WNW of Saga, China"
2016-02-05,16:20:11.740000,5.2,23.53,85.3377,27.8782,"19 km N of Kathmandu, Nepal"
2016-02-10,16:27:41.910000,4.1,21.15,85.6292,27.7118,"10 km E of Nagarkot, Nepal"
2016-02-21,18:10:00.970000,5.1,16.72,84.6943,27.9633,"40 km NE of Bharatpur, Nepal"
2016-02-24,09:22:16.670000,4.7,10.0,85.7365,27.8322,"24 km ENE of Nagarkot, Nepal"
2016-03-13,05:15:33.690000,4.4,10.0,84.8208,27.8303,"41 km ENE of Bharatpur, Nepal"
2016-03-14,21:27:35.270000,4.3,27.09,85.534,27.7234,"1 km NE of Nagarkot, Nepal"
2016-03-30,12:26:40.280000,4.1,10.0,85.5483,27.8164,"11 km NNE of Nagarkot, Nepal"
2016-04-04,04:31:26.640000,4.2,23.69,85.8383,27.5381,"30 km ESE of Dhulikhel, Nepal"
2016-04-09,13:20:13.820000,4.1,10.22,85.3002,27.6354,"4 km SSW of P?tan, Nepal"
2016-04-12,14:41:52.170000,4.3,10.0,86.0621,27.6062,"40 km SSE of Kod?ri??, Nepal"
2016-04-16,04:33:03.290000,4.1,10.0,87.4392,28.3437,"75 km NE of Lobujya, Nepal"
2016-04-19,17:22:17.910000,4.3,55.92,87.8381,28.3381,"109 km ENE of Lobujya, Nepal"
2016-05-03,16:31:51.850000,4.1,25.81,87.9346,29.6379,"101 km WNW of Rikaze, China"
2016-05-09,05:17:54.750000,4.2,39.31,85.7631,28.21,"33 km NW of Kod?ri??, Nepal"
2016-05-11,01:19:42.320000,4.5,10.23,84.9277,27.9448,"45 km NW of Kirtipur, Nepal"
2016-05-11,08:52:47.570000,4.5,15.99,84.5639,28.0545,"43 km NNE of Bharatpur, Nepal"
2016-05-13,23:20:59.460000,4.0,10.0,85.5191,27.958,"26 km N of Nagarkot, Nepal"
2016-05-14,22:45:55.420000,4.4,22.11,85.3631,27.8608,Nepal
2016-05-21,07:59:00.050000,4.0,10.0,87.3528,28.2817,"64 km NE of Lobujya, Nepal"
2016-05-22,01:32:31.690000,4.5,6.99,87.5067,28.4767,"89 km NE of Lobujya, Nepal"
2016-05-22,01:46:09.770000,4.0,10.37,87.2227,28.2457,"51 km NE of Lobujya, Nepal"
2016-05-22,01:48:48.130000,5.4,9.36,87.5326,28.4538,"89 km NE of Lobujya, Nepal"
2016-05-22,02:05:54.680000,5.1,4.44,87.4796,28.5654,"94 km NE of Lobujya, Nepal"
2016-05-22,02:55:42.320000,4.0,10.0,87.3554,28.3854,"71 km NE of Lobujya, Nepal"
2016-05-22,04:49:45.200000,4.3,11.05,87.5853,28.5599,"101 km NE of Lobujya, Nepal"
2016-05-23,18:09:03.320000,4.2,10.0,87.4903,28.4178,"84 km NE of Lobujya, Nepal"
2016-05-23,19:09:52.790000,4.3,10.0,85.0896,27.704,"18 km W of Kirtipur, Nepal"
2016-05-26,09:29:25.640000,4.0,10.0,87.4821,28.4555,"86 km NE of Lobujya, Nepal"
2016-05-28,09:39:10.850000,4.6,10.0,85.4237,28.0097,"34 km NNW of Nagarkot, Nepal"
2016-06-13,23:27:42.520000,4.1,10.0,84.4925,27.9339,"29 km N of Bharatpur, Nepal"
2016-06-27,14:53:00.680000,4.7,10.0,87.4704,28.7638,"110 km NE of Lobujya, Nepal"
2016-06-29,09:10:28.860000,4.6,9.03,81.1306,29.5553,"37 km NNE of Dipayal, Nepal"
2016-07-02,00:23:46.380000,4.4,10.0,81.0984,29.5139,"31 km NNE of Dipayal, Nepal"
2016-09-09,09:10:51.180000,4.3,35.0,82.8488,30.3571,"136 km NNE of Jumla, Nepal"
2016-09-10,00:46:18.380000,4.9,35.0,82.6753,30.2163,"114 km NNE of Jumla, Nepal"
2016-09-18,17:14:17.810000,4.2,25.2,85.4746,27.8196,"12 km NNW of Nagarkot, Nepal"
2016-10-07,04:52:38.250000,4.0,10.0,85.9666,28.35,"43 km N of Kod?ri??, Nepal"
2016-11-27,23:35:21.020000,5.4,10.0,86.5319,27.8015,"17 km W of Namche Bazar, Nepal"
2016-12-01,16:52:50.110000,5.2,31.96,80.6321,29.979,"18 km NE of Dh?rchula, India"
2017-01-04,14:12:52.310000,4.7,10.0,83.7309,30.4946,"194 km NW of Saga, China"
2017-02-26,18:48:45.660000,4.7,10.0,83.5019,30.2107,"164 km NE of Jumla, Nepal"
2017-02-27,03:37:45.990000,4.7,11.23,86.0789,27.4259,"57 km ESE of Dhulikhel, Nepal"
2017-02-27,04:21:41.730000,4.6,20.28,85.9319,27.3706,"47 km ESE of Panauti, Nepal"
2017-04-24,15:04:30.130000,4.3,18.73,81.3034,29.6836,"58 km NE of Dipayal, Nepal"
2017-04-27,02:10:11.800000,4.4,8.0,86.0168,29.2836,"76 km E of Saga, China"
2017-05-16,22:13:19.060000,4.2,10.0,88.1714,27.3266,"9 km WNW of Gyalshing, India"
2017-07-02,01:58:27.200000,4.8,10.0,86.1159,27.2384,"59 km NNE of Janakpur, Nepal"
2017-07-15,16:35:28.630000,4.3,27.7,81.6418,28.8507,"6 km W of Dailekh, Nepal"
2017-08-21,12:03:13.970000,4.5,10.0,86.1237,27.5881,"44 km SSE of Kod?ri??, Nepal"
2017-08-22,00:50:35.830000,4.6,10.0,81.1558,29.3871,"25 km ENE of Dipayal, Nepal"
2017-10-06,17:44:22.220000,4.4,10.0,86.7671,30.0189,"167 km ENE of Saga, China"
2017-11-06,03:09:03.590000,4.6,10.0,81.2918,29.6127,"51 km NE of Dipayal, Nepal"
2017-11-07,19:06:41.830000,4.6,9.83,87.4355,30.2645,"179 km NW of Rikaze, China"
2017-12-02,23:43:44.930000,4.2,10.0,88.0806,27.2856,"17 km W of Gyalshing, India"
2017-12-08,02:51:18.860000,5.0,10.0,86.1471,27.7618,"28 km SE of Kod?ri??, Nepal"
2018-02-08,20:56:30.090000,4.2,10.0,87.8193,30.3854,"162 km NW of Rikaze, China"
2018-02-11,13:12:25.570000,4.2,12.07,87.4907,30.4816,"191 km NW of Rikaze, China"
2018-02-28,10:35:16.460000,4.0,10.0,87.3792,30.3194,"187 km NW of Rikaze, China"
2018-03-01,17:27:17.180000,4.9,11.41,87.6339,30.362,"172 km NW of Rikaze, China"
2018-05-08,13:07:39.950000,4.0,32.61,87.4282,28.0604,"61 km ENE of Lobujya, Nepal"
2018-05-10,20:01:51.640000,4.4,4.66,87.421,28.4517,"81 km NE of Lobujya, Nepal"
2018-06-05,01:34:36.810000,4.7,10.0,81.6777,29.6464,"64 km NW of Jumla, Nepal"
2018-06-20,04:08:59.880000,4.4,38.3,87.505,26.9633,"17 km E of Dhankut?, Nepal"
2018-06-20,04:15:26.410000,4.4,52.91,87.8133,27.1508,"29 km NNW of Il?m, Nepal"
2018-06-28,00:30:53.070000,4.2,10.0,87.5273,30.3943,"182 km NW of Rikaze, China"
2018-06-28,04:07:47.290000,4.8,10.0,84.8272,27.8919,"45 km ENE of Bharatpur, Nepal"
2018-08-01,15:45:31.740000,4.3,10.0,87.4905,30.4062,"185 km NW of Rikaze, China"
2018-08-01,15:46:23.750000,5.2,10.0,87.6027,30.3493,"173 km NW of Rikaze, China"
2018-10-05,07:08:11.750000,4.4,10.0,81.5789,28.874,"13 km WNW of Dailekh, Nepal"
2018-10-05,07:15:04.390000,4.3,10.0,81.4792,28.7099,"18 km NW of Birendranagar, Nepal"
2018-10-22,15:10:05.270000,4.5,11.42,87.6309,30.2176,"161 km NW of Rikaze, China"
2018-10-22,16:49:36.120000,4.8,13.83,87.7783,30.4664,"171 km NW of Rikaze, China"
2018-10-31,01:49:29.220000,4.7,10.0,87.6483,30.3789,"172 km NW of Rikaze, China"
2018-10-31,23:09:01.530000,5.0,10.0,87.4647,30.2891,"179 km NW of Rikaze, China"
2018-11-11,07:07:31.800000,4.5,10.0,80.6472,29.9248,"14 km NE of D?rchul?, Nepal"
2018-11-28,06:28:18.620000,4.1,10.0,87.8361,30.488,"170 km NW of Rikaze, China"
2018-12-22,23:21:54.860000,4.1,10.0,85.5548,27.7764,"7 km NNE of Nagarkot, Nepal"
2018-12-23,19:32:22.060000,5.8,10.0,87.62,30.4079,"177 km NW of Rikaze, China"
2018-12-23,19:35:20.200000,5.0,10.0,86.7946,30.4684,"197 km NE of Saga, China"
2018-12-23,19:36:56.920000,4.9,10.0,87.4547,30.1798,"172 km NW of Rikaze, China"
2018-12-24,18:40:40.380000,4.2,10.0,87.4245,30.2227,"177 km NW of Rikaze, China"
2019-01-20,14:28:30.290000,5.2,9.85,87.6229,30.3908,"175 km NW of Rikaze, China"
2019-01-20,15:06:39.170000,4.7,9.97,87.6754,30.3859,"171 km NW of Rikaze, China"
2019-01-22,16:45:15.580000,4.3,10.0,86.9202,27.2579,"15 km NW of Bhojpur, Nepal"
2019-02-06,13:30:27.060000,4.1,10.0,87.2216,29.2611,"150 km NNE of Lobujya, Nepal"
2019-02-07,05:35:48.490000,4.2,10.0,87.2699,29.2915,"155 km NNE of Lobujya, Nepal"
2019-03-06,00:45:51.040000,4.1,10.0,87.368,30.1682,"178 km NW of Rikaze, China"
2019-04-12,09:27:50.400000,4.5,10.0,87.4938,30.1742,"169 km NW of Rikaze, China"
2019-04-14,22:42:42.875000,4.0,10.0,81.2864,29.5192,"44 km NE of Dipayal, Nepal"
2019-04-24,00:44:31.986000,4.7,27.34,85.0667,27.7651,"22 km WNW of Kirtipur, Nepal"
2019-04-30,09:31:56.888000,4.2,10.0,85.3709,29.533,"27 km NNE of Saga, China"
2019-05-11,18:51:01.960000,4.5,31.28,81.5715,28.8684,"13 km W of Dailekh, Nepal"
2019-05-17,08:23:37.430000,4.7,10.0,84.7453,27.9487,"42 km NE of Bharatpur, Nepal"
2019-05-25,05:17:24.276000,4.5,10.0,86.3425,27.6468,"40 km WSW of Namche Bazar, Nepal"
2019-05-25,15:23:59.917000,4.0,49.39,81.4056,29.5741,"56 km NE of Dipayal, Nepal"
2019-05-26,01:44:55.302000,4.7,10.0,87.661,30.3288,"168 km NW of Rikaze, China"
2019-05-26,02:09:27.242000,4.8,10.0,87.5686,30.3347,"174 km NW of Rikaze, China"
2019-06-17,17:58:20.595000,4.6,84.75,87.173,28.4217,"62 km NE of Lobujya, Nepal"
2019-08-09,12:41:13.913000,4.4,10.0,83.3273,28.4321,"31 km NW of B?glung, Nepal"
2019-08-27,09:57:51.030000,4.5,10.0,86.4476,28.9012,"111 km NNW of Lobujya, Nepal"
2019-09-16,14:33:25.773000,4.5,10.0,80.7419,29.691,"24 km SE of D?rchul?, Nepal"
2019-09-22,16:17:01.966000,4.5,18.23,84.3309,28.4605,"41 km ENE of Pokhara, Nepal"
2019-09-26,13:04:21.563000,4.4,10.0,84.4371,28.0869,"45 km N of Bharatpur, Nepal"
2019-09-28,04:58:27.168000,4.4,10.0,81.5319,30.026,"45 km SE of Burang, China"
2019-11-12,02:00:26.426000,4.3,10.0,80.2927,30.0659,"32 km NW of Dh?rchula, India"
2019-11-19,13:30:55.900000,5.0,10.0,81.1433,29.3228,"20 km ENE of Dipayal, Nepal"
2019-11-27,00:18:32.422000,4.4,64.65,87.8728,28.1658,"96 km NW of Mangan, India"
2019-11-27,16:23:31.706000,4.6,10.0,85.8214,27.7986,"22 km SW of Kod?ri??, Nepal"
2019-11-28,01:40:04.336000,4.6,15.1,84.2884,30.4965,"158 km NW of Saga, China"
2019-12-12,13:26:31.828000,4.2,10.0,85.7168,27.9194,"24 km W of Kod?ri??, Nepal"
2020-01-05,13:14:02.142000,4.4,10.0,85.4049,29.9815,"74 km NNE of Saga, China"
2020-01-05,13:16:52.055000,4.3,10.0,85.5587,30.3664,"119 km NNE of Saga, China"
2020-01-12,14:34:14.825000,4.4,10.0,81.705,29.4848,"51 km WNW of Jumla, Nepal"
2020-01-12,20:22:02.782000,4.3,10.0,81.5921,29.4841,"61 km WNW of Jumla, Nepal"
2020-03-15,15:00:17.383000,4.3,10.0,83.5923,28.2184,"5 km S of B?glung, Nepal"
2020-03-20,01:33:15.443000,5.7,10.0,87.3081,28.5896,"85 km NE of Lobujya, Nepal"
2020-03-24,23:39:29.603000,4.0,10.0,87.2197,28.6107,"83 km NNE of Lobujya, Nepal"
2020-05-12,18:08:38.863000,4.9,10.0,86.0378,27.7046,"29 km SSE of Kod?ri??, Nepal"
2020-05-30,15:51:39.617000,4.3,10.0,84.8784,27.8896,"45 km WNW of Kirtipur, Nepal"
2020-07-24,19:46:04.694000,4.3,10.0,87.4178,30.4782,"196 km NW of Rikaze, China"
2020-08-23,17:07:43.232000,4.5,10.0,87.5035,30.3934,"183 km NW of Rikaze, China"
2020-08-25,15:24:34.342000,4.3,10.0,80.9299,29.556,"32 km N of Dipayal, Nepal"
2020-09-11,03:45:52.880000,4.4,10.0,87.7715,27.2464,"40 km NNW of Il?m, Nepal"
2020-09-15,23:34:03.386000,5.3,10.0,85.8765,27.8464,"14 km SSW of Kod?ri??, Nepal"
2020-10-28,18:34:26.731000,4.2,10.0,80.8988,29.4069,"16 km NNW of Dipayal, Nepal"
2020-11-08,21:44:14.394000,4.1,10.0,87.7713,27.7299,"68 km NE of Kh??db?ri??, Nepal"
2020-11-21,21:49:21.520000,4.5,10.0,88.1002,30.1884,"128 km NW of Rikaze, China"
2020-11-23,13:36:04.648000,4.5,27.68,87.0358,27.5457,"25 km NW of Kh??db?ri??, Nepal"
2020-11-23,13:41:45.202000,4.4,10.0,87.2271,28.5808,"80 km NNE of Lobujya, Nepal"
2021-01-11,13:59:49.235000,4.1,35.0,87.7888,28.028,"92 km NE of Kh??db?ri??, Nepal"
2021-02-02,02:31:13.845000,5.0,8.7,87.362,28.8225,"110 km NNE of Lobujya, Nepal"
2021-02-02,16:14:13.363000,4.5,29.41,84.0135,28.8039,"52 km NE of Chitre, Nepal"
2021-02-04,05:06:23.654000,5.1,10.0,87.3785,28.7463,"104 km NNE of Lobujya, Nepal"
2021-02-09,01:50:07.207000,4.3,35.0,87.8568,28.0331,"87 km NW of Mangan, India"
2021-02-27,20:03:45.862000,4.1,15.43,86.469,28.8397,"104 km NNW of Lobujya, Nepal"
2021-03-16,13:16:08.835000,4.6,10.0,86.3698,30.1485,"143 km NE of Saga, China"
2021-04-22,03:08:52.099000,4.1,10.0,87.1751,30.3858,"207 km NW of Rikaze, China"
2021-05-18,23:57:58.646000,5.3,10.0,84.3373,28.2785,"36 km E of Pokhara, Nepal"
2021-05-19,02:41:38.847000,4.9,10.0,84.3042,28.3088,"33 km E of Pokhara, Nepal"
2021-05-19,16:54:29.784000,4.5,10.0,84.3876,28.2544,"41 km E of Pokhara, Nepal"
2021-05-25,20:46:06.127000,4.5,10.0,86.3755,28.9684,"118 km ESE of Saga, China"
2021-06-21,10:06:50.953000,4.3,10.0,87.124,29.2822,"150 km NNE of Lobujya, Nepal"
2021-09-12,14:56:15.922000,4.4,10.0,85.9978,27.4834,"47 km ESE of Dhulikhel, Nepal"
2021-10-01,07:09:27.899000,4.5,10.0,86.111,27.694,"33 km SSE of Kod?ri??, Nepal"
2021-10-15,10:35:42.737000,4.1,10.0,87.6528,28.9582,"124 km WSW of Rikaze, China"
2021-10-18,08:01:37.426000,4.3,10.0,85.8004,27.901,"16 km WSW of Kod?ri??, Nepal"
2021-10-18,08:11:56.258000,4.2,10.0,85.7193,27.8507,"24 km NE of Nagarkot, Nepal"
2021-10-18,10:32:14.377000,4.7,10.0,87.2852,28.7052,"95 km NNE of Lobujya, Nepal"
2021-11-05,01:48:32.008000,5.0,10.0,87.4455,28.8267,"115 km NNE of Lobujya, Nepal"
2021-12-08,04:23:25.024000,4.2,41.26,87.5826,28.8093,"121 km NE of Lobujya, Nepal"
2021-12-18,00:29:25.240000,4.0,10.0,87.5592,28.5625,"99 km NE of Lobujya, Nepal"
2021-12-29,19:08:19.232000,4.5,10.0,80.3449,29.9056,"18 km WNW of Dh?rchula, India"
2022-01-06,18:29:13.484000,4.4,10.0,82.8074,27.8305,"38 km NNE of Pachperwa, India"
2022-01-13,03:13:54.822000,4.1,10.0,87.6854,28.8094,"126 km WSW of Rikaze, China"
2022-01-24,19:38:59.306000,4.0,10.0,80.3548,29.9803,"21 km NW of Dh?rchula, India"
2022-04-09,18:38:37.466000,4.2,10.0,86.5315,28.8085,"99 km NNW of Lobujya, Nepal"
2022-05-11,04:33:11.628000,4.9,33.06,80.4219,29.9682,"16 km NW of Dh?rchula, India"
2022-05-21,02:45:09.223000,4.2,70.83,86.2888,28.2186,"43 km NE of Kod?ri??, Nepal"
2022-06-22,22:11:46.712000,4.6,10.0,83.8247,28.3742,"14 km ESE of Chitre, Nepal"
2022-07-10,14:04:39.640000,4.2,10.0,80.8736,29.6405,"37 km SE of D?rchul?, Nepal"
2022-07-25,00:22:09.402000,4.3,10.0,85.5825,27.8961,"20 km NNE of Nagarkot, Nepal"
2022-07-31,02:28:08.777000,5.1,10.0,86.7827,27.1316,"26 km W of Bhojpur, Nepal"
2022-08-05,23:41:04.059000,4.4,10.0,84.9833,27.7936,"31 km WNW of Kirtipur, Nepal"
2022-08-19,19:42:42.048000,4.9,10.0,81.1968,28.0619,"12 km NE of Dhaurahra, India"
2022-10-19,09:22:40.123000,4.9,23.943,86.0386,27.894,"10 km SE of Kod?ri??, Nepal"
2022-10-19,10:08:35.308000,4.2,22.2,86.0362,27.8248,"16 km SSE of Kod?ri??, Nepal"
2022-10-30,03:41:50.868000,4.5,10.0,81.0921,29.5573,"36 km NNE of Dipayal, Nepal"
2022-11-07,23:07:22.073000,4.2,10.0,86.6701,28.9207,"108 km N of Lobujya, Nepal"
2022-11-08,15:22:35.973000,4.7,10.0,81.1922,29.3448,"26 km ENE of Dipayal, Nepal"
2022-11-08,20:27:22.316000,5.7,11.0,81.1593,29.2917,Nepal
2022-11-09,00:57:14.321000,4.4,22.974,80.2903,29.9803,"26 km WNW of Dh?rchula, India"
2022-11-09,23:28:02.358000,4.3,10.0,81.1564,29.352,Nepal
2022-11-12,14:27:05.131000,5.2,10.0,81.1777,29.3523,"25 km ENE of Dipayal, Nepal"
2022-12-23,01:30:55.904000,4.2,10.0,83.0809,28.5471,"58 km WNW of B?glung, Nepal"
2022-12-23,01:31:21.071000,4.5,10.0,83.1015,28.4999,Nepal
2022-12-27,19:38:12.218000,4.0,24.596,83.6137,28.926,"55 km N of Chitre, Nepal"
2022-12-27,20:22:03.128000,4.6,18.597,83.1553,28.4898,"48 km WNW of B?glung, Nepal"
2023-01-24,08:58:33.123000,5.4,33.11,81.6638,29.5825,"60 km NW of Jumla, Nepal"
2023-02-12,22:45:05.505000,4.0,60.903,88.0003,27.986,"73 km NW of Mangan, India"
2023-02-22,08:00:22.588000,4.8,20.937,81.5737,29.6254,"70 km WNW of Jumla, Nepal"
2023-02-26,07:06:04.699000,4.3,10.0,81.127,29.7352,Nepal
2023-03-02,08:12:56.235000,4.0,10.0,87.3045,28.3307,"64 km NE of Lobuche, Nepal"
2023-03-24,04:06:24.411000,4.2,30.882,81.828,29.6326,"52 km NW of Jumla, Nepal"
2023-04-01,05:42:20.397000,4.5,10.0,86.1761,27.6685,"38 km SSE of Kodāri̇̄, Nepal"
2023-04-08,14:44:49.140000,4.3,68.028,86.7146,28.6582,"79 km N of Lobuche, Nepal"
2023-04-27,18:13:51.853000,4.5,10.0,81.5302,29.5729,"66 km ENE of Dipayal, Nepal"
2023-04-27,19:45:53.627000,5.1,10.0,81.5483,29.6212,"72 km NE of Dipayal, Nepal"
2023-05-06,08:01:03.160000,4.3,42.645,86.6245,28.9028,"107 km N of Lobuche, Nepal"
2023-05-23,22:21:48.564000,4.3,10.0,81.2484,29.6551,"52 km NE of Dipayal, Nepal"
2023-06-12,01:53:56.728000,4.3,27.16,81.5777,29.71,"75 km SSE of Burang, China"
2023-08-05,20:04:11.934000,4.3,10.0,80.7013,30.2183,western Xizang-India border region
2023-08-18,17:49:38.408000,4.3,79.496,87.1512,28.2888,"50 km NE of Lobuche, Nepal"
2023-10-03,08:55:50.480000,4.9,10.0,81.2188,29.459,"34 km NE of Dipayal, Nepal"
2023-10-03,09:21:03.018000,5.7,13.0,81.242,29.4973,"39 km NE of Dipayal, Nepal"
2023-10-03,09:28:43.898000,4.8,10.0,81.2051,29.2397,"25 km E of Dipayal, Nepal"
2023-10-03,09:33:05.019000,4.2,10.0,81.1092,29.3074,"17 km ENE of Dipayal, Nepal"
2023-10-03,11:34:10.972000,4.8,10.0,81.257,29.5637,"45 km NE of Dipayal, Nepal"
2023-10-03,11:53:17.879000,4.5,10.0,81.1706,29.5106,"35 km NE of Dipayal, Nepal"
2023-10-03,19:05:41.024000,4.4,10.0,81.1691,29.5231,"36 km NE of Dipayal, Nepal"
2023-10-03,23:58:04.608000,4.3,10.0,81.2904,29.7245,"61 km NNE of Dipayal, Nepal"
2023-10-07,06:00:01.972000,5.0,10.0,81.2055,29.5133,"38 km NE of Dipayal, Nepal"
2023-10-11,18:37:21.967000,4.8,10.0,81.1801,29.5869,"43 km NNE of Dipayal, Nepal"
2023-10-12,20:06:44.075000,4.4,10.0,81.2129,29.5722,"43 km NE of Dipayal, Nepal"
2023-10-16,03:41:40.294000,4.2,10.0,80.7774,30.0924,"36 km NE of Dārchulā, Nepal"
2023-10-18,16:18:48.676000,4.5,10.0,81.357,29.6681,"60 km NE of Dipayal, Nepal"
2023-10-22,01:54:21.100000,5.2,25.706,84.7252,27.8879,"36 km NE of Bharatpur, Nepal"
2023-10-22,11:46:45.520000,4.0,26.661,84.646,27.8519,"28 km NE of Bharatpur, Nepal"
2023-11-03,18:02:53.465000,5.7,12.0,82.1531,28.858,"43 km E of Dailekh, Nepal"
2023-11-03,18:44:39.613000,4.1,10.0,81.9912,28.8332,"27 km E of Dailekh, Nepal"
2023-11-03,22:31:34.600000,4.0,10.0,82.2728,28.976,"34 km SSE of Jumla, Nepal"
2023-11-06,10:46:39.805000,5.3,10.0,82.0652,28.8564,"34 km E of Dailekh, Nepal"
2023-11-20,05:52:27.597000,4.4,10.0,81.1707,29.5224,"36 km NE of Dipayal, Nepal"
2023-11-27,22:15:46.743000,4.7,74.708,87.7852,28.6795,"124 km WSW of Rikaze, China"
2023-12-04,19:04:15.283000,4.4,70.467,87.8388,27.8117,"71 km NW of Gyalshing, India"
2023-12-31,16:36:23.043000,4.6,22.322,85.799,27.727,"27 km E of Nagarkot, Nepal"
2024-01-07,14:08:34.933000,4.1,10.0,86.4237,28.0794,"40 km WNW of Lobuche, Nepal"
2024-01-07,14:28:32.992000,4.5,10.0,86.3806,28.0886,"44 km ENE of Kodāri̇̄, Nepal"
2024-01-07,18:46:35.171000,4.2,10.0,86.6116,27.9221,"16 km NW of Namche Bazaar, Nepal"
2024-01-12,17:47:29.479000,4.3,22.599,81.1253,29.522,"34 km NNE of Dipayal, Nepal"
2024-02-26,11:29:31.815000,4.4,89.466,88.0921,29.6188,"86 km WNW of Rikaze, China"
2024-03-06,04:25:08.225000,4.2,10.0,80.6613,30.4045,"50 km WNW of Burang, China"
2024-05-28,01:13:06.793000,4.3,26.184,81.0068,29.7381,"45 km ESE of Dārchulā, Nepal"
2024-07-10,19:49:26.988000,4.1,14.586,86.7891,29.7368,"158 km ENE of Saga, China"
2024-07-13,22:49:33.854000,4.5,10.0,86.9812,30.0913,"189 km ENE of Saga, China"
2024-07-18,10:05:29.140000,4.4,10.0,86.9588,29.8668,"178 km ENE of Saga, China"
2024-08-03,16:28:40.558000,4.3,10.0,87.0502,29.9216,"188 km ENE of Saga, China"
2024-08-09,01:27:10.980000,4.5,35.0,88.1937,27.1586,"5 km NW of Naya Bāzār, India"
2024-08-30,22:01:59.157000,4.1,10.0,84.3475,28.6347,"44 km N of Besisahar, Nepal"
2024-09-14,18:21:42.274000,4.4,13.48,82.1893,29.9563,"75 km N of Jumla, Nepal"
2024-10-14,16:47:47.648000,4.0,10.0,86.7989,27.3416,"30 km NW of Bhojpur, Nepal"
2024-12-07,17:08:36.129000,4.0,35.0,80.3295,30.2844,"51 km NNW of Dhārchula, India"
2024-12-17,11:23:27.288000,4.4,20.081,81.3883,29.831,"55 km SSE of Burang, China"
2024-12-19,01:52:46.050000,4.3,10.0,84.1037,28.5833,"37 km NNE of Pokhara, Nepal"
2024-12-20,22:29:02.221000,5.0,10.0,81.6099,29.4923,"60 km WNW of Jumla, Nepal"
2024-12-28,06:05:48.771000,4.2,10.0,87.0514,28.2962,Southern Tibetan Plateau
2024-12-28,07:02:12.064000,4.0,10.0,86.7157,28.3716,Southern Tibetan Plateau
2024-12-31,02:08:59.913000,4.1,10.0,80.9784,29.3582,"11 km NNE of Dipayal, Nepal"
2025-01-07,00:11:50.965000,4.2,10.0,87.2187,28.9374,Southern Tibetan Plateau
2025-01-07,01:05:16.734000,7.1,10.0,87.3781,28.6036,2025 Southern Tibetan Plateau Earthquake
2025-01-07,01:09:13.529000,5.4,10.0,87.1968,28.7537,"96 km NNE of Lobuche, Nepal"
2025-01-07,01:10:54.880000,5.2,10.0,87.1343,28.8057,"100 km NNE of Lobuche, Nepal"
2025-01-07,01:13:27.197000,5.2,10.0,87.4659,28.4421,Southern Tibetan Plateau
2025-01-07,01:14:42.239000,5.2,10.0,87.356,28.5282,"83 km NE of Lobuche, Nepal"
2025-01-07,01:17:24.736000,4.7,10.0,87.1798,28.3398,"56 km NE of Lobuche, Nepal"
2025-01-07,01:18:30.934000,4.6,10.0,87.4266,28.5411,"89 km NE of Lobuche, Nepal"
2025-01-07,01:20:47.587000,4.5,10.0,87.1381,28.5147,"70 km NNE of Lobuche, Nepal"
2025-01-07,01:22:42.984000,4.2,10.0,87.4767,28.7219,"107 km NE of Lobuche, Nepal"
2025-01-07,01:23:23.189000,4.3,10.0,87.2367,28.7964,"102 km NNE of Lobuche, Nepal"
2025-01-07,01:24:25.911000,5.0,10.0,87.4575,28.4845,Southern Tibetan Plateau
2025-01-07,01:31:59.676000,4.9,10.0,87.608,28.8053,Southern Tibetan Plateau
2025-01-07,01:35:02.357000,4.2,10.0,87.4436,28.7174,"105 km NE of Lobuche, Nepal"
2025-01-07,01:37:13.647000,5.0,10.0,87.2321,28.7969,Southern Tibetan Plateau
2025-01-07,01:43:49.062000,4.9,10.0,87.2633,28.3885,Southern Tibetan Plateau
2025-01-07,01:59:48.239000,4.6,10.0,87.3465,28.779,Southern Tibetan Plateau
2025-01-07,02:01:06.777000,4.5,10.0,87.3101,28.7477,"101 km NNE of Lobuche, Nepal"
2025-01-07,02:02:14.334000,4.1,10.0,87.2212,28.6155,"84 km NNE of Lobuche, Nepal"
2025-01-07,02:04:08.881000,4.2,10.0,87.2482,28.7346,"97 km NNE of Lobuche, Nepal"
2025-01-07,02:22:44.323000,4.3,10.0,87.2813,28.6661,Southern Tibetan Plateau
2025-01-07,02:27:26.572000,4.0,10.0,87.1579,28.2665,"49 km NE of Lobuche, Nepal"
2025-01-07,02:27:38.392000,4.5,10.0,87.1134,28.3017,"49 km NE of Lobuche, Nepal"
2025-01-07,02:32:41.313000,4.2,10.0,87.2878,28.4666,"74 km NE of Lobuche, Nepal"
2025-01-07,02:34:51.074000,4.4,10.0,87.3881,28.5677,Southern Tibetan Plateau
2025-01-07,02:41:18.704000,4.2,10.0,87.2342,28.6698,"90 km NNE of Lobuche, Nepal"
2025-01-07,03:12:04.183000,4.2,10.0,87.5058,29.0157,"136 km NNE of Lobuche, Nepal"
2025-01-07,03:17:53.208000,4.4,10.0,87.2163,28.8938,"112 km NNE of Lobuche, Nepal"
2025-01-07,03:19:33.899000,4.3,10.0,87.2266,28.7212,Southern Tibetan Plateau
2025-01-07,03:27:31.787000,4.4,10.0,87.3622,29.0441,Southern Tibetan Plateau
2025-01-07,03:41:11.608000,4.4,10.0,87.4268,28.908,Southern Tibetan Plateau
2025-01-07,03:45:54.911000,4.5,10.0,87.3207,28.6558,Southern Tibetan Plateau
2025-01-07,03:52:43.923000,4.2,10.0,87.5006,28.9296,Southern Tibetan Plateau
2025-01-07,03:57:59.624000,4.2,10.0,87.2925,28.6419,Southern Tibetan Plateau
2025-01-07,04:34:18.602000,4.0,10.0,87.3172,28.7006,Southern Tibetan Plateau
2025-01-07,04:58:52.838000,4.1,10.0,87.1452,28.635,Southern Tibetan Plateau
2025-01-07,04:59:31.942000,4.1,10.0,87.1543,28.1957,Southern Tibetan Plateau
2025-01-07,05:57:16.316000,4.6,10.0,87.5814,28.8918,Southern Tibetan Plateau
2025-01-07,06:25:37.143000,4.0,10.0,87.4671,28.4779,"87 km NE of Lobuche, Nepal"
2025-01-07,07:54:10.361000,4.4,10.0,87.4505,28.5853,Southern Tibetan Plateau
2025-01-07,12:22:15.965000,4.2,10.0,87.2233,28.2839,Southern Tibetan Plateau
2025-01-07,13:07:39.770000,4.1,10.0,87.5188,28.7491,Southern Tibetan Plateau
2025-01-07,13:29:35.125000,4.6,10.0,87.2148,28.5993,Southern Tibetan Plateau 
2025-01-07,14:04:11.394000,4.3,10.0,87.335,28.5578,Southern Tibetan Plateau
2025-01-07,15:06:31.898000,4.1,10.0,87.3293,28.8085,"108 km NNE of Lobuche, Nepal"
2025-01-07,17:36:01.453000,4.3,10.0,87.2674,28.6137,Southern Tibetan Plateau
2025-01-07,19:52:52.207000,4.5,10.0,87.3437,28.7108,Southern Tibetan Plateau 
2025-01-08,00:08:19.912000,4.1,10.0,87.234,28.753,Southern Tibetan Plateau
2025-01-08,01:28:08.865000,4.1,10.0,87.3885,28.2681,"66 km ENE of Lobuche, Nepal"
2025-01-08,01:43:42.281000,4.2,10.0,87.2967,28.3995,Southern Tibetan Plateau
2025-01-08,03:51:21.676000,5.0,10.0,87.3648,28.4359,Southern Tibetan Plateau
2025-01-08,07:08:53.950000,4.2,10.0,87.4953,28.9617,Southern Tibetan Plateau
2025-01-08,11:04:44.590000,4.2,10.0,87.2618,28.1006,Southern Tibetan Plateau
2025-01-08,15:54:26.628000,4.2,10.0,87.2838,28.5177,Southern Tibetan Plateau
2025-01-08,18:48:22.198000,4.0,10.0,87.1736,28.5155,Southern Tibetan Plateau
2025-01-09,07:28:44.991000,4.4,10.0,87.3601,28.4769,"79 km NE of Lobuche, Nepal"
2025-01-09,17:56:20.765000,4.4,10.0,87.2468,28.5908,Southern Tibetan Plateau
2025-01-09,22:58:05.072000,4.3,10.0,87.3545,28.3591,"70 km NE of Lobuche, Nepal"
2025-01-10,22:47:36.154000,4.3,10.0,87.1412,28.3706,"57 km NE of Lobuche, Nepal"
2025-01-12,06:51:23.552000,4.1,10.0,87.0041,28.233,"36 km NNE of Lobuche, Nepal"
2025-01-12,09:54:01.572000,4.5,10.0,87.4427,28.6622,Southern Tibetan Plateau
2025-01-13,12:57:37.995000,5.0,10.0,87.3079,28.405,Southern Tibetan Plateau
2025-01-13,12:58:22.257000,5.1,10.0,87.4058,28.4815,Southern Tibetan Plateau
2025-01-13,13:14:57.314000,4.3,10.0,87.3323,28.4607,"76 km NE of Lobuche, Nepal"
2025-01-13,15:19:08.303000,4.3,10.0,87.2761,28.4558,Southern Tibetan Plateau
2025-01-13,15:44:42.737000,4.6,10.0,87.169,28.4247,Southern Tibetan Plateau
2025-01-15,20:50:52.766000,4.4,10.0,87.4195,29.0382,Southern Tibetan Plateau
2025-01-16,02:57:22.808000,4.1,10.0,87.4391,29.1378,Southern Tibetan Plateau
2025-01-16,03:20:02.464000,4.9,10.0,87.4095,28.7777,Southern Tibetan Plateau
2025-01-16,05:18:46.581000,4.0,10.0,87.5413,29.1529,Southern Tibetan Plateau
2025-01-18,15:36:54.487000,4.8,10.0,87.6046,28.4323,Southern Tibetan Plateau
2025-01-18,16:26:31.499000,4.6,10.0,87.4691,28.6435,Southern Tibetan Plateau
2025-01-19,17:56:44.997000,4.5,10.0,87.5481,28.3527,Southern Tibetan Plateau
2025-01-19,17:59:49.855000,4.4,10.0,87.501,28.4216,"85 km NE of Lobuche, Nepal"
2025-01-20,21:03:11.864000,5.0,10.0,87.5651,28.3855,Southern Tibetan Plateau
2025-01-21,00:14:17.923000,4.8,10.0,87.488,28.3525,Southern Tibetan Plateau
2025-01-22,11:30:24.705000,4.2,10.0,87.6268,28.6745,Southern Tibetan Plateau
2025-01-24,05:59:17.789000,4.6,10.0,87.5218,28.8632,Southern Tibetan Plateau
2025-01-27,09:33:37.563000,4.8,10.0,87.4588,28.6098,"97 km NE of Lobuche, Nepal"
2025-02-02,07:17:19.602000,4.2,10.0,87.2383,28.6434,"87 km NNE of Lobuche, Nepal"
2025-02-09,07:37:01.819000,4.3,10.0,86.349,29.1595,"110 km E of Saga, China"
2025-02-09,11:26:59.678000,4.0,10.0,87.4589,28.0714,"65 km ENE of Lobuche, Nepal"
2025-02-09,15:23:34.383000,4.3,10.0,87.2743,28.0553,"47 km ENE of Lobuche, Nepal"
2025-02-16,03:28:58.304000,4.8,10.0,87.4658,28.9741,"130 km NNE of Lobuche, Nepal"
2025-02-21,10:11:47.229000,4.9,10.0,87.4621,28.4908,"87 km NE of Lobuche, Nepal"
2025-02-27,21:06:10.378000,5.6,10.0,85.9232,27.8626,"11 km SSW of Kodāri̇̄, Nepal"
2025-03-04,09:14:26.580000,4.3,10.0,87.5215,28.4219,"87 km NE of Lobuche, Nepal"
2025-03-08,08:50:17.944000,5.1,10.0,87.5516,28.5716,"100 km NE of Lobuche, Nepal"
2025-03-08,09:19:54.316000,4.1,10.0,87.7113,28.4149,"102 km ENE of Lobuche, Nepal"
2025-03-08,21:00:13.726000,4.0,10.0,87.4234,28.6413,"97 km NE of Lobuche, Nepal"
2025-03-10,22:26:08.337000,4.4,17.31,83.884,28.11,"18 km NE of Wāliṅ, Nepal"
2025-03-11,07:09:05.483000,4.1,10.0,87.1438,29.2287,"145 km NNE of Lobuche, Nepal"
2025-03-13,08:37:19.310000,4.3,10.0,87.6255,29.0111,"125 km WSW of Rikaze, China"
2025-03-26,12:42:12.900000,4.4,10.0,86.5548,28.7659,"94 km NNW of Lobuche, Nepal"
2025-03-26,13:59:55.379000,4.3,10.0,81.519,29.4072,"58 km ENE of Dipayal, Nepal"
2025-04-02,00:19:24.910000,4.3,27.327,87.1346,28.46,"65 km NNE of Lobuche, Nepal"
2025-04-04,14:22:50.193000,4.9,10.0,82.0167,28.9624,"32 km ENE of Dailekh, Nepal"
2025-04-06,02:51:39.152000,4.4,35.0,87.4368,28.8831,"120 km NNE of Lobuche, Nepal"
2025-04-10,05:12:27.549000,4.1,10.0,86.6262,29.004,"118 km N of Lobuche, Nepal"
2025-04-11,09:57:27.572000,4.3,10.0,87.2746,28.557,"81 km NE of Lobuche, Nepal"
2025-04-15,22:20:28.435000,4.2,10.0,88.0672,28.258,"94 km NNW of Mangan, India"
2025-04-21,00:03:23.011000,4.2,2.847,86.9874,29.1891,"138 km N of Lobuche, Nepal"
